Tipo	CNPJ Declarante	CNPJ Sucedida	CNPJ Detentor Crédito	Ano Período	Mês Período	Período Apuração	CFOP	Vlr Base Cálculo	Vlr IPI	Vlr Isentas/Não Tributadas	Vlr Outros
R12	04742371000108		04742371000108	2021	05	0	5101	906400,2	45320,31	0	1681480,9
R12	04742371000108		04742371000108	2021	05	0	5910	1282,54	64,14	0	2515,04
R12	04742371000108		04742371000108	2021	05	0	6101	190426,21	9521,44	0	221299,75
R12	04742371000108		04742371000108	2021	05	0	6151	256949,3	12847,31	0	386883,35
R12	04742371000108		04742371000108	2021	05	0	6910	1127,68	56,38	0	1077,34
R12	04742371000108		04742371000108	2021	06	0	5101	897828,78	44892,48	0	1480306,45
R12	04742371000108		04742371000108	2021	06	0	5910	1251,39	62,6	0	3530,88
R12	04742371000108		04742371000108	2021	06	0	6101	138879,36	6944,06	0	339927,29
R12	04742371000108		04742371000108	2021	06	0	6151	337903,77	16895,18	0	435751,75
R12	04742371000108		04742371000108	2021	06	0	6910	1345,05	67,25	0	848,77
R12	04742371000108		04742371000108	2021	07	0	5101	917288,3	45868,07	0	1793252,12
R12	04742371000108		04742371000108	2021	07	0	5910	1452,25	72,61	0	4741,5
R12	04742371000108		04742371000108	2021	07	0	6101	86670,99	4333,72	0	164831,36
R12	04742371000108		04742371000108	2021	07	0	6151	390949,07	19547,87	0	647174,06
R12	04742371000108		04742371000108	2021	07	0	6910	773,1	38,68	0	634,16
R12	04742371000108		04742371000108	2021	08	0	5101	889357,69	44471,07	0	1744353,82
R12	04742371000108		04742371000108	2021	08	0	5910	1092,36	54,64	0	3909,07
R12	04742371000108		04742371000108	2021	08	0	6101	248507,14	12425,6	0	239782,92
R12	04742371000108		04742371000108	2021	08	0	6151	342735,07	17136,93	0	474454,27
R12	04742371000108		04742371000108	2021	08	0	6910	2641,94	132,13	0	2022,16
R12	04742371000108		04742371000108	2021	09	0	5101	895325,63	44768,05	0	1761424,28
R12	04742371000108		04742371000108	2021	09	0	5910	2968,88	148,44	0	5531,57
R12	04742371000108		04742371000108	2021	09	0	6101	195838,23	9792,04	0	215706,3
R12	04742371000108		04742371000108	2021	09	0	6151	366171,04	18308,74	0	551209,97
R12	04742371000108		04742371000108	2021	09	0	6910	1650,17	82,51	0	1044,12
R12	04742371000108		04742371000108	2021	10	0	5101	947058,97	47353,59	0	1937069,75
R12	04742371000108		04742371000108	2021	10	0	5910	2297,51	114,9	0	4789,84
R12	04742371000108		04742371000108	2021	10	0	6101	224970,35	11248,44	0	311358,98
R12	04742371000108		04742371000108	2021	10	0	6151	278540,82	13927,11	0	419220,35
R12	04742371000108		04742371000108	2021	10	0	6201	0	148,43	0	1632,71
R12	04742371000108		04742371000108	2021	10	0	6910	3883,8	194,16	0	2681,89
R12	04742371000108		04742371000108	2021	11	0	5101	816942,5	40849,14	0	1549813,37
R12	04742371000108		04742371000108	2021	11	0	5910	1505,61	75,32	0	4570,7
R12	04742371000108		04742371000108	2021	11	0	6101	139270,66	6963,81	0	241570,74
R12	04742371000108		04742371000108	2021	11	0	6151	406273,52	20313,83	0	589596,59
R12	04742371000108		04742371000108	2021	11	0	6910	1161,64	58,07	0	1393,19
R12	04742371000108		04742371000108	2021	12	0	5101	995012,43	49751,65	0	2079800,11
R12	04742371000108		04742371000108	2021	12	0	5910	3354,15	167,78	0	4965,97
R12	04742371000108		04742371000108	2021	12	0	6101	182041,03	9101,65	0	1131777,93
R12	04742371000108		04742371000108	2021	12	0	6151	301898,46	15095,04	0	418455,72
R12	04742371000108		04742371000108	2021	12	0	6910	927,44	46,35	0	1337,64
R12	04742371000108		04742371000108	2022	01	0	5101	943414,54	47171,71	0	1647423,56
R12	04742371000108		04742371000108	2022	01	0	5910	2202,74	110,11	0	4153,44
R12	04742371000108		04742371000108	2022	01	0	6101	218843,36	10942,02	0	267764,68
R12	04742371000108		04742371000108	2022	01	0	6151	321626,23	16081,29	0	383561,33
R12	04742371000108		04742371000108	2022	01	0	6910	1796,03	89,81	0	245,41
R12	04742371000108		04742371000108	2022	02	0	5101	891526,12	44578,51	0	1666460,74
R12	04742371000108		04742371000108	2022	02	0	5910	2342,05	117,11	0	8430,05
R12	04742371000108		04742371000108	2022	02	0	6101	287773,06	14387,86	0	207326,42
R12	04742371000108		04742371000108	2022	02	0	6151	273551,92	13677,61	0	329850,48
R12	04742371000108		04742371000108	2022	02	0	6556	11736,53	586,83	0	0
R12	04742371000108		04742371000108	2022	02	0	6910	2205,14	110,24	0	838,39
R12	04742371000108		04742371000108	2022	03	0	5101	1143392,42	55396	0	2186645,54
R12	04742371000108		04742371000108	2022	03	0	5910	1882	91,28	0	3963,25
R12	04742371000108		04742371000108	2022	03	0	6101	245615,54	12128,68	0	249788,56
R12	04742371000108		04742371000108	2022	03	0	6151	351856,81	15153,52	0	531032,92
R12	04742371000108		04742371000108	2022	03	0	6556	11736,53	586,83	0	0
R12	04742371000108		04742371000108	2022	03	0	6910	1740,46	70,97	0	1358,44
R12	04742371000108		04742371000108	2022	04	0	5101	1163929,14	44863,91	0	1582529,81
R12	04742371000108		04742371000108	2022	04	0	5910	2210,32	82,88	0	3417,44
R12	04742371000108		04742371000108	2022	04	0	6101	121553,96	4657,33	0	189077,03
R12	04742371000108		04742371000108	2022	04	0	6151	350773,38	13153,89	0	425419,73
R12	04742371000108		04742371000108	2022	04	0	6910	449,8	16,87	0	260,17
R12	04742371000108		04742371000108	2022	05	0	5101	1541512,42	58151,48	0	1825194,04
R12	04742371000108		04742371000108	2022	05	0	5201	11736,53	440,12	0	0
R12	04742371000108		04742371000108	2022	05	0	5910	1348,41	50,58	0	3740,6
R12	04742371000108		04742371000108	2022	05	0	6101	353276,84	13252,08	0	294014,76
R12	04742371000108		04742371000108	2022	05	0	6151	357615,79	13410,46	0	376196,06
R12	04742371000108		04742371000108	2022	05	0	6910	1095,69	41,1	0	889,84
R12	04742371000108		04742371000108	2022	06	0	5101	1449951,91	54375,97	0	1858867,12
R12	04742371000108		04742371000108	2022	06	0	5910	2926,47	109,74	0	2142,09
R12	04742371000108		04742371000108	2022	06	0	6101	237330,53	8899,83	0	272830,58
R12	04742371000108		04742371000108	2022	06	0	6151	346510,86	12994,2	0	446615,09
R12	04742371000108		04742371000108	2022	06	0	6910	722,83	27,1	0	445,6
R12	04742371000108		04742371000108	2022	07	0	5101	1358865,71	50958,68	0	1762844,27
R12	04742371000108		04742371000108	2022	07	0	5910	972,13	36,45	0	3081,13
R12	04742371000108		04742371000108	2022	07	0	6101	199582,16	7483,48	0	157230,52
R12	04742371000108		04742371000108	2022	07	0	6151	258024,2	9675,89	0	434139,13
R12	04742371000108		04742371000108	2022	07	0	6556	11736,53	381,44	0	0
R12	04742371000108		04742371000108	2022	07	0	6910	885,99	33,23	0	496,82
R12	04742371000108		04742371000108	2022	08	0	5101	1345473,84	50455,05	0	1892804,05
R12	04742371000108		04742371000108	2022	08	0	5910	2474,95	92,83	0	6484,81
R12	04742371000108		04742371000108	2022	08	0	6101	339165,04	12719,07	0	281459,11
R12	04742371000108		04742371000108	2022	08	0	6151	261831,81	9743,77	0	384777,47
R12	04742371000108		04742371000108	2022	08	0	6556	11736,53	381,44	0	0
R12	04742371000108		04742371000108	2022	08	0	6910	1539,63	57,72	0	799,8
R12	04742371000108		04742371000108	2022	09	0	5101	1185253,89	43459,39	0	1779450,08
R12	04742371000108		04742371000108	2022	09	0	5910	2099,91	76,9	0	2863,22
R12	04742371000108		04742371000108	2022	09	0	6101	341253,62	11781,37	0	258027,16
R12	04742371000108		04742371000108	2022	09	0	6151	298775,56	10792,01	0	505358,21
R12	04742371000108		04742371000108	2022	09	0	6910	1679,99	58,74	0	1541,62
R12	04742371000108		04742371000108	2022	10	0	5101	1112390,57	40313,26	0	1801580,25
R12	04742371000108		04742371000108	2022	10	0	5910	1744,7	64,07	0	4615,89
R12	04742371000108		04742371000108	2022	10	0	6101	122317,6	4447,84	0	139674,86
R12	04742371000108		04742371000108	2022	10	0	6151	268406,33	9638,56	0	447097,7
R12	04742371000108		04742371000108	2022	10	0	6556	11736,53	381,44	0	0
R12	04742371000108		04742371000108	2022	10	0	6910	1257,45	43,12	0	781,2
R12	04742371000108		04742371000108	2022	11	0	5101	1205842,98	43813,02	0	1773848,03
R12	04742371000108		04742371000108	2022	11	0	5910	3255,89	113,2	0	4281,1
R12	04742371000108		04742371000108	2022	11	0	6101	292743,68	10078,34	0	237535,76
R12	04742371000108		04742371000108	2022	11	0	6151	335564,77	12039,76	0	588819,26
R12	04742371000108		04742371000108	2022	11	0	6910	1150,14	40,15	0	3518,09
R12	04742371000108		04742371000108	2022	12	0	5101	1810983,05	65533,2	0	2601974,46
R12	04742371000108		04742371000108	2022	12	0	5910	2968	106,6	0	10478,95
R12	04742371000108		04742371000108	2022	12	0	6101	265667,93	9364,15	0	225039,97
R12	04742371000108		04742371000108	2022	12	0	6151	314791,35	11226,11	0	500328,24
R12	04742371000108		04742371000108	2022	12	0	6910	1510,35	50,18	0	1722,56
R12	04742371000108		04742371000108	2023	01	0	5101	1746397,1	63357,83	0	2232508,78
R12	04742371000108		04742371000108	2023	01	0	5910	3057,17	107,6	0	7584,96
R12	04742371000108		04742371000108	2023	01	0	6101	171954,91	6137,4	0	189178,31
R12	04742371000108		04742371000108	2023	01	0	6151	346280,16	12501,61	0	420248,42
R12	04742371000108		04742371000108	2023	01	0	6910	1015,35	34,69	0	953,24
R12	04742371000108		04742371000108	2023	02	0	5101	1390846,85	50517,49	0	1953465,72
R12	04742371000108		04742371000108	2023	02	0	5910	5300,97	186,03	0	7049,68
R12	04742371000108		04742371000108	2023	02	0	6101	115266,74	4143,56	0	136228,15
R12	04742371000108		04742371000108	2023	02	0	6151	387451,75	13959,89	0	654470,15
R12	04742371000108		04742371000108	2023	02	0	6910	1452,57	51,07	0	1604,02
R12	04742371000108		04742371000108	2023	03	0	5101	1391958,49	50721,46	0	1918067,12
R12	04742371000108		04742371000108	2023	03	0	5910	2656,59	94,57	0	3727,12
R12	04742371000108		04742371000108	2023	03	0	6101	214768,2	7657,85	0	246948,32
R12	04742371000108		04742371000108	2023	03	0	6151	336324,47	12131,16	0	522655,18
R12	04742371000108		04742371000108	2023	03	0	6910	562,77	19,93	0	3560,42
R12	04742371000108		04742371000108	2023	04	0	5101	1411236	51077,84	0	1961980
R12	04742371000108		04742371000108	2023	04	0	5910	16627,47	592,91	0	19800,73
R12	04742371000108		04742371000108	2023	04	0	6101	160397,93	5683,08	0	191253,6
R12	04742371000108		04742371000108	2023	04	0	6151	409242,67	14711,06	0	562924,95
R12	04742371000108		04742371000108	2023	04	0	6910	3322,26	110,54	0	737,85
R12	04742371000108		04742371000108	2023	05	0	5101	1840026,16	68020,68	0	2323459,59
R12	04742371000108		04742371000108	2023	05	0	5910	6641,8	242,93	0	7863,35
R12	04742371000108		04742371000108	2023	05	0	6101	296018,74	10423,08	0	298791,63
R12	04742371000108		04742371000108	2023	05	0	6151	474833,23	16966,6	0	544543,8
R12	04742371000108		04742371000108	2023	05	0	6910	2734,65	98,25	0	3775,33
R12	04742371000108		04742371000108	2023	06	0	5101	1771923,56	64465,2	0	2342008,21
R12	04742371000108		04742371000108	2023	06	0	5910	9298,29	340,93	0	8369,36
R12	04742371000108		04742371000108	2023	06	0	6101	211562,48	7463,49	0	230602,52
R12	04742371000108		04742371000108	2023	06	0	6151	396547,13	14222,96	0	492518,27
R12	04742371000108		04742371000108	2023	06	0	6910	2862,48	102,08	0	2353,68
R12	04742371000108		04742371000108	2023	07	0	5101	1772848,83	64299,17	0	2435384,23
R12	04742371000108		04742371000108	2023	07	0	5910	4428,29	157,62	0	9987,74
R12	04742371000108		04742371000108	2023	07	0	6101	192808,42	6872,71	0	192202,81
R12	04742371000108		04742371000108	2023	07	0	6151	438907,36	15821,35	0	581582,42
R12	04742371000108		04742371000108	2023	07	0	6910	2039,44	71,69	0	1762,27
R12	04742371000108		04742371000108	2023	08	0	5101	1795067,47	64932,46	0	2395861,55
R12	04742371000108		04742371000108	2023	08	0	5910	6405,78	224,45	0	7872,54
R12	04742371000108		04742371000108	2023	08	0	6101	204546,91	7260,37	0	233035,88
R12	04742371000108		04742371000108	2023	08	0	6151	502188,66	17979,08	0	672498,75
R12	04742371000108		04742371000108	2023	08	0	6910	2388,12	83,43	0	1859,86
R12	04742371000108		04742371000108	2023	09	0	5101	1716918,97	62077,33	0	2182418,82
R12	04742371000108		04742371000108	2023	09	0	5910	7418,07	268,14	0	6150,9
R12	04742371000108		04742371000108	2023	09	0	6101	142314,93	5032,01	0	203715,07
R12	04742371000108		04742371000108	2023	09	0	6151	355648,13	12778,95	0	550269,68
R12	04742371000108		04742371000108	2023	09	0	6910	825,29	28,23	0	1104,95
R12	04742371000108		04742371000108	2023	10	0	5101	1241201,49	44977,3	0	2136016,75
R12	04742371000108		04742371000108	2023	10	0	5910	4092,59	144,55	0	4935,38
R12	04742371000108		04742371000108	2023	10	0	6101	303431,18	10670,62	0	232392,4
R12	04742371000108		04742371000108	2023	10	0	6151	438271,74	15617,1	0	584371,36
R12	04742371000108		04742371000108	2023	10	0	6910	2157,57	74,97	0	2594,2
R12	04742371000108		04742371000108	2023	11	0	5101	1651464,21	59782,85	0	2101358,7
R12	04742371000108		04742371000108	2023	11	0	5910	8339,6	297,16	0	8853,93
R12	04742371000108		04742371000108	2023	11	0	6101	171966,66	6074,4	0	190838,24
R12	04742371000108		04742371000108	2023	11	0	6151	371480,69	13259,49	0	502257,22
R12	04742371000108		04742371000108	2023	11	0	6910	1716,86	60,89	0	2423,74
R12	04742371000108		04742371000108	2023	12	0	5101	1481679,13	53879,76	0	1704055,2
R12	04742371000108		04742371000108	2023	12	0	5910	5904,72	210,11	0	5836
R12	04742371000108		04742371000108	2023	12	0	6101	225518,85	7815,08	0	144002,04
R12	04742371000108		04742371000108	2023	12	0	6151	393711,67	14200,06	0	426040,97
R12	04742371000108		04742371000108	2023	12	0	6910	777,97	26,14	0	622,45
R12	04742371000108		04742371000108	2024	01	0	5101	1710323,23	61974,23	0	2181697,8
R12	04742371000108		04742371000108	2024	01	0	5910	6159,13	215,49	0	8872,61
R12	04742371000108		04742371000108	2024	01	0	6101	221426,29	7890,26	0	290112,97
R12	04742371000108		04742371000108	2024	01	0	6151	237092,45	8493,28	0	350189,87
R12	04742371000108		04742371000108	2024	01	0	6910	3028,71	106,89	0	2652,79
R12	04742371000108		04742371000108	2024	02	0	5101	1709928,17	62324,36	0	2101290,3
R12	04742371000108		04742371000108	2024	02	0	5910	6395,33	228,49	0	10460,96
R12	04742371000108		04742371000108	2024	02	0	6101	244097,51	8604,1	0	223343,59
R12	04742371000108		04742371000108	2024	02	0	6151	407349,41	14713,65	0	501186,33
R12	04742371000108		04742371000108	2024	02	0	6910	2740,78	94,29	0	1994,18
R12	04742371000108		04742371000108	2024	03	0	5101	1828952,56	66449,06	0	2205675,41
R12	04742371000108		04742371000108	2024	03	0	5910	4388,53	159,44	0	10801,48
R12	04742371000108		04742371000108	2024	03	0	6101	303473,92	10566,1	0	212538,71
R12	04742371000108		04742371000108	2024	03	0	6151	341233,77	12339,49	0	504268,77
R12	04742371000108		04742371000108	2024	03	0	6201	74599,36	2424,48	0	0
R12	04742371000108		04742371000108	2024	03	0	6910	1096,08	37,76	0	1866,65
R12	04742371000108		04742371000108	2024	04	0	5101	2089328,74	76081,39	0	2385564,31
R12	04742371000108		04742371000108	2024	04	0	5910	6850,25	245,07	0	8152,62
R12	04742371000108		04742371000108	2024	04	0	6101	232542,91	8230,38	0	276490,11
R12	04742371000108		04742371000108	2024	04	0	6151	268993,76	9753,78	0	357886,45
R12	04742371000108		04742371000108	2024	04	0	6910	2334,87	80,84	0	3590,76
R12	04742371000108		04742371000108	2024	05	0	5101	1971918,06	71779,61	0	2259573,97
R12	04742371000108		04742371000108	2024	05	0	5910	9870,41	350,43	0	11009,6
R12	04742371000108		04742371000108	2024	05	0	6101	320102,93	11312,32	0	239787,4
R12	04742371000108		04742371000108	2024	05	0	6151	403727,51	14532,34	0	550728,06
R12	04742371000108		04742371000108	2024	05	0	6910	2048,33	74,45	0	1566,2
R12	04742371000108		04742371000108	2024	06	0	5101	1583902,49	57628,02	0	1995218,9
R12	04742371000108		04742371000108	2024	06	0	5910	6676,41	235,55	0	8916,65
R12	04742371000108		04742371000108	2024	06	0	6101	215209,52	7706,25	0	247598,37
R12	04742371000108		04742371000108	2024	06	0	6151	311571,2	11251,42	0	411082,66
R12	04742371000108		04742371000108	2024	06	0	6910	2655,43	89,63	0	2146,23
R12	04742371000108		04742371000108	2024	07	0	5101	1720394,81	62449,46	0	2277885,12
R12	04742371000108		04742371000108	2024	07	0	5910	8036,5	291,36	0	12387,4
R12	04742371000108		04742371000108	2024	07	0	6101	212819,49	7504,09	0	199956,57
R12	04742371000108		04742371000108	2024	07	0	6151	359845,91	12950,04	0	515685,22
R12	04742371000108		04742371000108	2024	07	0	6910	1338,48	47,39	0	2678,43
R12	04742371000108		04742371000108	2024	08	0	5101	1636140,83	59431,44	0	2124313,05
R12	04742371000108		04742371000108	2024	08	0	5910	6775,31	238,98	0	16449,69
R12	04742371000108		04742371000108	2024	08	0	6101	296795,06	10616,3	0	296400,01
R12	04742371000108		04742371000108	2024	08	0	6151	329624,22	11876,33	0	416883,88
R12	04742371000108		04742371000108	2024	08	0	6201	9039,03	293,76	0	0
R12	04742371000108		04742371000108	2024	08	0	6910	2832,52	97,05	0	4109,78
R12	04742371000108		04742371000108	2024	09	0	5101	1482004,61	53863,27	0	2138488,91
R12	04742371000108		04742371000108	2024	09	0	5910	7647,17	262,65	0	17610,15
R12	04742371000108		04742371000108	2024	09	0	6101	131036,06	4609,42	0	225425,59
R12	04742371000108		04742371000108	2024	09	0	6151	334837,18	12133,97	0	502245,56
R12	04742371000108		04742371000108	2024	09	0	6556	683,28	66,62	0	0
R12	04742371000108		04742371000108	2024	09	0	6910	962,59	34,39	0	3068,97
R12	04742371000108		04742371000108	2024	10	0	5101	1804518,31	65823,08	0	2732948,78
R12	04742371000108		04742371000108	2024	10	0	5910	5200,73	185,63	0	15308,77
R12	04742371000108		04742371000108	2024	10	0	5949	123,37	4,3	0	324
R12	04742371000108		04742371000108	2024	10	0	6101	310511,48	10939,33	0	228674,26
R12	04742371000108		04742371000108	2024	10	0	6151	289879,86	10494,32	0	520610,62
R12	04742371000108		04742371000108	2024	10	0	6201	7739,55	251,54	0	0
R12	04742371000108		04742371000108	2024	10	0	6910	2754,96	94,42	0	1849,19
R12	04742371000108		04742371000108	2024	11	0	5101	1745960,26	63545,92	0	2163694,85
R12	04742371000108		04742371000108	2024	11	0	5910	5260,64	183,31	0	12872,59
R12	04742371000108		04742371000108	2024	11	0	6101	223200,32	7697,62	0	193474,93
R12	04742371000108		04742371000108	2024	11	0	6151	405357,6	14618,07	0	542613,92
R12	04742371000108		04742371000108	2024	11	0	6910	1141,36	40,62	0	2045,15
R12	04742371000108		04742371000108	2024	12	0	5101	1526949,77	55309,26	0	1942225,3
R12	04742371000108		04742371000108	2024	12	0	5910	7106,52	253,53	0	7985,43
R12	04742371000108		04742371000108	2024	12	0	6101	319226,13	11322,3	0	232803,5
R12	04742371000108		04742371000108	2024	12	0	6151	222788,7	8044,21	0	283446,23
R12	04742371000108		04742371000108	2024	12	0	6910	1519,39	52,66	0	1381,84
R12	04742371000108		04742371000108	2025	01	0	5101	1776290,26	64936,41	0	2261077,16
R12	04742371000108		04742371000108	2025	01	0	5910	5377,68	187,8	0	9069,03
R12	04742371000108		04742371000108	2025	01	0	6101	234104,96	8239,51	0	264770,63
R12	04742371000108		04742371000108	2025	01	0	6151	339461,98	12280,54	0	465987,24
R12	04742371000108		04742371000108	2025	01	0	6201	8714,35	1307,15	0	0
R12	04742371000108		04742371000108	2025	01	0	6910	1426,27	49,28	0	1608,3
R12	04742371000108		04742371000108	2025	02	0	5101	1670643,95	60744,88	0	1977426,2
R12	04742371000108		04742371000108	2025	02	0	5910	5063,43	174,91	0	9500,27
R12	04742371000108		04742371000108	2025	02	0	6101	247900,53	8747,32	0	237603,92
R12	04742371000108		04742371000108	2025	02	0	6151	459727,27	16653,87	0	536798,44
R12	04742371000108		04742371000108	2025	02	0	6910	410,38	13,91	0	1000,65
R12	04742371000108		04742371000108	2025	03	0	5101	1891997,5	68932,73	0	2270534,15
R12	04742371000108		04742371000108	2025	03	0	5910	8593,66	317,73	0	9351,52
R12	04742371000108		04742371000108	2025	03	0	6101	171070,21	6206,33	0	199760,65
R12	04742371000108		04742371000108	2025	03	0	6151	473399,37	17186,62	0	523579,04
R12	04742371000108		04742371000108	2025	03	0	6910	1612,89	55,42	0	3631,36
R12	04742371000108		04742371000108	2025	04	0	5101	1800952,25	65460,82	0	2162484,3
R12	04742371000108		04742371000108	2025	04	0	5910	3617,68	130,41	0	9111,91
R12	04742371000108		04742371000108	2025	04	0	5949	273,25	10,25	0	156
R12	04742371000108		04742371000108	2025	04	0	6101	401542,27	14027,08	0	271299,72
R12	04742371000108		04742371000108	2025	04	0	6151	338008,91	12279,88	0	504082,54
R12	04742371000108		04742371000108	2025	04	0	6910	2762,77	92,52	0	2227,35
R12	04742371000108		04742371000108	2025	05	0	5101	1822979,1	66261,08	0	2164838,54
R12	04742371000108		04742371000108	2025	05	0	5910	5402,54	195,8	0	14515,72
R12	04742371000108		04742371000108	2025	05	0	6101	176254,07	6409,56	0	200523,78
R12	04742371000108		04742371000108	2025	05	0	6151	535495,75	19361,23	0	685979,97
R12	04742371000108		04742371000108	2025	05	0	6201	49886,25	7482,94	0	0
R12	04742371000108		04742371000108	2025	05	0	6910	2726,72	97,94	0	1980,45
R12	04742371000108		04742371000108	2025	06	0	5101	1908220,86	69289,67	0	2282753,88
R12	04742371000108		04742371000108	2025	06	0	5910	11801,36	432,09	0	13094,16
R12	04742371000108		04742371000108	2025	06	0	6101	496021,99	16864,88	0	248273,06
R12	04742371000108		04742371000108	2025	06	0	6151	415150,68	15097,61	0	601932,46
R12	04742371000108		04742371000108	2025	06	0	6910	2949,79	99,97	0	2563,04
R12	04742371000108		04742371000108	2025	07	0	5101	2023884,62	73366,32	0	2559481,43
R12	04742371000108		04742371000108	2025	07	0	5910	6981,24	247,15	0	16076,39
R12	04742371000108		04742371000108	2025	07	0	6101	483354,31	16258,58	0	234676,44
R12	04742371000108		04742371000108	2025	07	0	6151	503684,4	18322,22	0	623934,11
R12	04742371000108		04742371000108	2025	07	0	6910	920,8	31,09	0	1409,81
R12	04742371000108		04742371000108	2025	08	0	5101	1960967,2	72726,88	0	2345340,42
R12	04742371000108		04742371000108	2025	08	0	5910	7824,04	286,22	0	9740,98
R12	04742371000108		04742371000108	2025	08	0	6101	273665,79	9890,59	0	139422,16
R12	04742371000108		04742371000108	2025	08	0	6151	335596,08	12748,87	0	494040,57
R12	04742371000108		04742371000108	2025	08	0	6910	1540,78	56,64	0	880,78
R12	04742371000108		04742371000108	2025	09	0	5101	2159623,98	82470,78	0	2654471,14
R12	04742371000108		04742371000108	2025	09	0	5910	7226,95	266,23	0	18812,62
R12	04742371000108		04742371000108	2025	09	0	6101	382646,96	17088,14	0	363009,68
R12	04742371000108		04742371000108	2025	09	0	6151	522257,64	19878,21	0	687458,21
R12	04742371000108		04742371000108	2025	09	0	6910	2065,39	72,38	0	3620,07
R12	04742371000108		04742371000108	2025	10	0	5101	2179468,64	84308,14	0	2878877,83
R12	04742371000108		04742371000108	2025	10	0	5910	8631,85	327	0	14501,35
R12	04742371000108		04742371000108	2025	10	0	6101	334451,54	12403,75	0	245140,14
R12	04742371000108		04742371000108	2025	10	0	6151	528388,53	20491,25	0	770179,71
R12	04742371000108		04742371000108	2025	10	0	6201	62370	3118,5	0	0
R12	04742371000108		04742371000108	2025	10	0	6910	3715,27	125,27	0	1641,37
R12	04742371000108		04742371000108	2025	11	0	5101	2080822,63	82493,12	0	2250742,43
R12	04742371000108		04742371000108	2025	11	0	5910	10061,42	396,05	0	12414,97
R12	04742371000108		04742371000108	2025	11	0	6101	209308,8	11552,92	0	195763,78
R12	04742371000108		04742371000108	2025	11	0	6151	446417,28	17256,03	0	494203,87
R12	04742371000108		04742371000108	2025	11	0	6910	3402,25	127,18	0	2588,03
R12	04742371000108		04742371000108	2025	12	0	5101	1863428,24	69980,19	0	1925742,08
R12	04742371000108		04742371000108	2025	12	0	5910	8891,16	352,14	0	9342
R12	04742371000108		04742371000108	2025	12	0	6101	148965	5853,02	0	143920,04
R12	04742371000108		04742371000108	2025	12	0	6151	378175,74	14982,64	0	509970,14
R12	04742371000108		04742371000108	2025	12	0	6910	2812,34	101,79	0	2468,68
R12	04742371000108		04742371000108	2026	01	0	5101	1969671,24	74611,37	0	2185679,19
R12	04742371000108		04742371000108	2026	01	0	5910	11388,17	416	0	12102,2
R12	04742371000108		04742371000108	2026	01	0	6101	452012,66	15938,72	0	196580,38
R12	04742371000108		04742371000108	2026	01	0	6151	339386,72	13155,42	0	344421,07
R12	04742371000108		04742371000108	2026	01	0	6910	1444,14	49,3	0	2229,74
R12	04742371000108		04742371000108	2026	02	0	5101	1965482,96	73611,12	0	2181670,48
R12	04742371000108		04742371000108	2026	02	0	5910	6433,86	223,47	0	9912
R12	04742371000108		04742371000108	2026	02	0	6101	427005,35	15431,28	0	221737,13
R12	04742371000108		04742371000108	2026	02	0	6151	515693,58	20163,23	0	653853,52
R12	04742371000108		04742371000108	2026	02	0	6910	4523,76	192,67	0	2657,43
R12	04742371000108		04742371000108	2026	03	0	5101	1825269,59	69919,77	0	2079341,39
R12	04742371000108		04742371000108	2026	03	0	5910	8720,01	319,12	0	10895,41
R12	04742371000108		04742371000108	2026	03	0	5927	87,44	13,12	0	0
R12	04742371000108		04742371000108	2026	03	0	6101	241763,68	9012,03	0	254546,48
R12	04742371000108		04742371000108	2026	03	0	6151	576260,46	22568,08	0	736594,02
R12	04742371000108		04742371000108	2026	03	0	6910	3899,59	144,28	0	5720,23
